longitude,latitude,ph,clay_pct,sand_pct,organic_carbon,land_cover
-2.205,59.535,6.96,14.83,82.91,2.16,Grassland
-2.735,59.485,6.22,25.74,66.09,1.95,Arable land
-6.695,50.335,7.63,20.32,21.56,1.74,Peatland
-6.275,58.705,5.83,18.74,41.98,3.11,Woodland
-0.185,53.425,6.1,3.54,53.25,1.33,Arable land
-1.825,57.675,6.42,24.36,32.79,2.98,Woodland
-3.305,56.175,6.72,22.16,74.77,2.67,Woodland
-4.085,51.795,6.89,40.16,35.78,1.6,Peatland
-4.125,51.455,8.08,35.16,38.77,3.33,Peatland
0.035,50.785,7.74,23.91,38.76,0.5,Peatland
-4.495,53.405,6.41,42.72,56.28,2.38,Heathland
0.275,52.585,8.5,3.55,62.66,3.19,Grassland
0.335,54.385,6.75,11.18,66.41,2.04,Arable land
0.795,51.675,6.49,48.66,48.7,3.02,Heathland
-5.455,55.875,7.55,24.37,44.56,3.13,Woodland
-4.125,56.155,6.58,1.85,29.06,4.61,Woodland
-4.955,55.835,7.61,39.36,31.05,2.54,Peatland
-4.395,52.065,7.52,29.71,68.33,1.85,Grassland
-2.125,51.975,6.67,1.3,50.35,1.88,Arable land
-5.795,55.135,6.74,15.77,66.11,1.65,Arable land
-1.405,50.375,7.13,15.89,67.35,2.36,Grassland
-2.325,52.105,6.47,28.4,25.91,2.68,Heathland
-2.975,58.815,7.09,13.57,74.12,0.52,Grassland
-4.195,50.165,7.74,24.92,45.73,0.5,Peatland
-5.515,51.315,7.39,24.04,39.57,1.77,Peatland
0.995,52.545,5.83,33.09,54.68,3.32,Woodland
-5.275,55.545,6.4,45.35,56.72,3.42,Heathland
-2.715,51.575,7.3,34.74,33.07,2.56,Peatland
-1.915,51.785,5.98,3.78,21.11,1.07,Arable land
-6.225,49.705,7.53,13.2,8.8,1.18,Peatland
-6.605,57.105,6.81,22.53,24.29,3.23,Woodland
-6.825,49.705,7.89,46.14,58.44,1.83,Peatland
-4.055,51.865,7.34,12.18,45.92,2.05,Grassland
-3.105,56.025,6.9,13.57,74.41,2.33,Grassland
-5.675,52.235,6.17,0.49,28.01,2.39,Arable land
-2.705,57.515,6.87,17.72,59.32,4.42,Woodland
-2.175,57.495,6.67,19.51,28.96,2.3,Heathland
-4.375,59.005,6.5,0.97,47.73,1.47,Arable land
-6.125,56.135,7.17,29.53,68.16,0.51,Peatland
-4.395,51.335,7.27,14.25,41.65,1.58,Peatland
0.475,53.035,6.53,26.26,68.88,2.84,Woodland
-7.245,58.585,7.3,51.27,2.48,3.33,Heathland
-0.685,54.935,6.45,14.22,60.49,2.34,Arable land
-2.965,59.015,6.96,40.48,43.65,2.7,Heathland
-3.075,54.645,6.88,19.75,57.95,1.65,Arable land
-4.905,56.635,6.64,0.0,81.89,2.04,Grassland
-5.345,55.635,6.31,20.26,19.88,4.2,Woodland
-6.835,58.465,6.27,12.13,16.5,2.27,Heathland
-2.895,57.405,7.93,0.0,78.26,1.43,Grassland
-3.915,50.325,7.71,4.17,26.45,0.9,Peatland
-0.335,50.435,7.17,44.11,19.87,3.55,Heathland
-2.565,54.985,5.77,38.06,9.43,3.99,Heathland
-5.695,55.035,7.39,14.5,58.23,1.72,Grassland
-0.365,54.175,7.23,30.36,68.05,2.1,Grassland
-0.715,54.475,7.03,29.78,38.31,2.43,Peatland
-3.845,55.025,6.3,30.77,23.18,3.73,Heathland
-3.095,53.715,7.49,18.1,23.12,1.13,Peatland
-0.995,50.245,6.29,0.0,51.58,1.35,Arable land
-3.975,58.705,6.99,17.51,49.67,1.68,Arable land
-4.725,55.965,6.84,29.29,67.07,4.35,Woodland
1.015,53.065,5.79,41.47,42.96,1.88,Heathland
-2.985,54.625,7.0,20.61,83.39,3.28,Woodland
-3.165,57.645,6.54,32.24,58.83,4.56,Woodland
-4.475,54.295,6.78,14.36,50.85,2.17,Arable land
-0.805,59.685,6.19,31.39,5.41,1.71,Heathland
-2.465,57.815,7.85,12.71,73.02,2.93,Grassland
-4.995,55.155,6.31,15.09,88.04,1.76,Arable land
-3.485,59.065,7.8,17.41,70.47,2.5,Grassland
-4.125,56.335,5.66,48.76,55.69,4.7,Woodland
-4.205,54.765,6.35,38.3,47.47,1.87,Heathland
-6.155,57.015,6.9,27.0,73.36,3.22,Woodland
-6.085,58.335,8.0,22.35,61.91,1.74,Grassland
-4.115,57.175,7.13,19.24,64.03,2.81,Woodland
-3.545,53.485,6.57,24.52,53.4,2.94,Woodland
-4.815,58.145,6.93,34.57,20.86,3.38,Heathland
-6.895,57.595,5.67,27.84,63.21,2.05,Arable land
-3.265,54.855,6.43,40.37,60.66,1.17,Arable land
-4.075,50.675,7.75,4.52,60.1,3.26,Grassland
-2.835,58.485,6.13,29.04,51.42,1.93,Arable land
-1.155,55.405,5.46,15.69,58.33,1.49,Arable land
-3.555,56.625,6.8,3.88,54.74,0.87,Arable land
-4.665,52.775,7.53,32.15,23.46,0.5,Peatland
0.755,50.635,6.73,0.0,94.25,3.02,Grassland
-3.695,52.255,7.12,4.9,57.81,1.01,Grassland
-4.045,58.865,6.82,22.01,55.08,2.15,Arable land
-5.055,51.335,6.78,7.73,80.19,2.63,Grassland
-0.845,50.955,7.23,35.91,51.9,0.5,Peatland
-3.695,53.925,6.33,14.14,46.9,3.16,Woodland
-4.915,50.515,8.15,45.82,18.21,0.81,Peatland
-1.135,59.575,7.34,20.62,81.9,2.04,Grassland
-7.295,56.495,6.46,29.19,14.52,5.06,Woodland
0.135,51.065,8.45,12.68,51.08,4.22,Woodland
-1.835,56.635,6.06,19.71,11.25,3.46,Heathland
-4.365,56.295,7.41,19.34,48.65,3.39,Woodland
-1.445,55.705,6.24,23.6,47.12,1.12,Arable land
-4.785,50.405,6.33,10.43,75.31,0.51,Arable land
-3.925,53.345,7.31,26.12,25.31,2.03,Peatland
-7.545,57.825,6.66,31.13,57.33,2.85,Woodland
-3.895,52.795,7.04,33.91,40.84,0.52,Peatland
-6.915,55.515,5.94,30.98,11.18,2.51,Heathland
-2.915,56.485,6.12,20.98,42.43,0.52,Arable land
-1.825,56.825,6.18,39.99,37.08,2.53,Heathland
-6.855,57.925,7.01,36.23,20.75,2.04,Heathland
1.945,52.055,5.77,40.06,52.69,2.65,Heathland
0.495,53.475,6.96,0.0,52.9,1.05,Grassland
-4.365,50.115,5.44,22.5,62.94,2.37,Arable land
-3.975,53.385,6.45,46.61,53.8,1.15,Heathland
-3.895,55.035,6.83,22.84,6.35,3.48,Heathland
-0.845,51.265,6.67,18.48,64.81,2.22,Arable land
-3.035,58.575,6.82,18.14,45.92,3.11,Woodland
-3.015,54.985,6.68,16.67,26.02,2.54,Woodland
-6.995,56.035,5.6,17.78,77.65,1.7,Arable land
-3.465,51.815,7.18,26.47,39.64,2.89,Woodland
-5.525,57.955,6.97,14.9,37.72,2.79,Woodland
-4.965,52.585,6.07,18.17,76.72,1.6,Arable land
1.365,52.145,6.81,23.81,67.52,2.16,Arable land
-5.485,57.365,6.56,6.24,66.9,0.5,Arable land
-3.465,58.215,7.23,8.39,95.54,0.5,Grassland
-3.575,53.175,6.59,38.23,36.35,3.48,Heathland
-4.775,56.725,6.59,31.13,73.59,3.2,Woodland
-2.375,50.445,6.54,14.57,74.18,2.51,Arable land
-4.805,50.295,6.49,19.07,80.36,1.27,Arable land
-0.065,50.675,7.33,24.86,38.03,2.01,Peatland
-4.165,54.565,7.1,15.17,87.56,1.78,Grassland
-7.715,56.905,7.23,34.03,41.97,1.18,Peatland
0.375,52.835,7.7,13.91,38.15,2.59,Grassland
-1.155,50.875,7.19,36.32,58.61,1.3,Peatland
-4.485,52.985,7.96,15.38,86.84,1.73,Grassland
-4.595,56.315,7.24,20.03,79.56,1.55,Grassland
0.895,53.185,5.97,32.85,8.68,2.56,Heathland
-1.555,57.505,6.58,15.71,43.96,2.94,Woodland
-5.205,56.165,7.0,23.89,43.1,0.7,Peatland
-6.505,50.415,8.1,16.97,52.51,1.22,Grassland
-4.975,54.955,6.45,14.11,6.88,1.03,Peatland
-4.675,56.495,6.41,29.36,22.67,2.77,Heathland
-4.975,57.345,7.01,20.73,35.91,1.34,Peatland
-2.465,56.975,6.53,11.95,39.0,1.96,Arable land
1.025,52.315,6.14,38.17,16.36,1.11,Heathland
-5.395,58.565,6.55,34.79,42.55,4.38,Woodland
-2.655,51.045,6.47,12.57,75.75,1.31,Arable land
-4.645,56.585,7.2,31.79,65.18,1.68,Peatland
-3.615,57.685,6.61,23.06,3.58,3.0,Heathland
-6.655,57.545,6.99,33.89,36.46,1.56,Peatland
-5.045,57.775,6.35,18.6,35.27,1.96,Arable land
-5.285,50.725,6.79,13.92,82.69,0.5,Arable land
-7.805,57.775,6.02,31.61,72.05,3.01,Woodland
1.925,51.505,6.53,33.35,59.31,1.78,Arable land
-3.495,56.145,6.71,9.68,18.48,3.57,Woodland
-1.105,55.085,6.1,13.74,31.3,2.16,Arable land
-4.685,56.615,6.48,38.91,50.28,3.98,Woodland
-5.985,58.195,6.9,36.07,64.73,1.15,Peatland
-5.545,58.775,7.61,17.99,77.99,0.69,Grassland
-3.005,54.995,6.63,28.18,30.38,1.6,Heathland
0.495,52.965,6.26,0.0,66.88,2.97,Arable land
-1.955,56.095,6.31,24.55,40.04,1.66,Arable land
-4.295,53.465,5.92,37.48,23.79,2.42,Heathland
-1.195,50.275,6.08,21.74,39.9,2.18,Arable land
-7.115,58.135,6.34,0.0,12.88,1.79,Arable land
-6.225,56.205,6.52,26.06,81.68,0.5,Arable land
-1.695,56.765,6.16,16.26,67.61,4.58,Woodland
-5.155,56.515,6.33,0.0,42.99,2.28,Arable land
-2.465,53.985,5.82,7.65,66.06,2.13,Arable land
-1.085,54.725,6.39,16.83,16.18,1.78,Heathland
-4.525,50.965,7.06,7.01,32.36,3.6,Woodland
-4.625,52.125,6.77,22.18,29.11,1.82,Peatland
-5.085,50.495,6.35,4.08,48.44,2.36,Arable land
-5.035,53.475,7.03,30.96,41.75,3.4,Woodland
-3.505,54.885,6.9,13.67,24.25,0.5,Peatland
-6.005,50.125,7.62,46.65,56.64,0.5,Peatland
-3.465,59.555,6.9,52.61,46.39,2.83,Heathland
-4.305,53.745,7.83,44.7,34.65,1.59,Peatland
-5.085,55.385,6.7,42.01,54.89,1.93,Heathland
-4.795,58.125,7.52,17.18,64.97,1.81,Grassland
-5.205,51.295,6.74,9.97,87.34,1.91,Grassland
-2.615,51.515,6.56,26.43,20.38,2.33,Heathland
-4.205,53.635,5.44,0.0,51.8,3.42,Woodland
-2.125,51.565,7.16,25.67,49.23,0.66,Peatland
-1.185,53.735,6.3,21.17,45.66,2.83,Woodland
-6.655,58.205,6.77,8.46,30.08,1.43,Arable land
-2.105,59.965,5.69,9.24,74.48,1.49,Arable land
-3.775,50.505,7.47,26.86,52.76,0.5,Peatland
-4.435,52.175,7.62,6.55,61.63,0.5,Grassland
0.455,50.565,8.46,42.2,42.35,3.25,Peatland
-5.265,54.605,8.02,0.0,57.79,1.34,Grassland
-7.305,58.165,5.49,22.35,71.54,3.5,Woodland
-6.845,49.805,5.49,21.08,66.45,3.98,Woodland
-7.745,57.955,7.33,17.2,80.87,1.68,Grassland
-3.395,54.895,6.62,42.18,1.86,2.06,Heathland
-6.385,57.025,8.5,16.1,69.73,3.22,Grassland
-1.565,59.725,7.06,47.31,47.82,2.64,Heathland
-2.055,56.435,6.42,22.81,64.95,3.18,Woodland
-6.835,58.315,5.91,4.95,6.84,1.68,Arable land
-4.935,53.045,7.46,14.87,48.65,1.97,Grassland
-2.425,50.905,8.44,21.02,70.62,1.67,Grassland
-1.905,57.475,8.5,10.16,63.95,2.64,Grassland
-2.225,58.915,6.9,16.12,41.51,3.16,Woodland
-2.175,56.015,6.81,15.94,49.44,3.97,Woodland
-6.325,56.815,5.98,27.61,41.61,3.81,Woodland
-4.905,54.515,6.83,17.79,28.13,1.19,Peatland
-6.785,56.255,6.52,31.94,44.35,1.53,Heathland
-6.405,58.935,6.02,28.44,5.3,2.29,Heathland
-3.105,53.835,7.17,16.12,36.94,1.6,Peatland
-6.725,57.515,7.24,24.83,30.8,3.7,Woodland
-2.685,54.285,6.87,28.6,54.81,3.42,Woodland
1.575,50.835,6.43,56.88,37.88,3.2,Heathland
-3.535,53.875,7.64,22.75,77.78,1.37,Grassland
-5.765,51.475,6.88,23.75,69.99,0.5,Arable land
1.445,53.015,6.85,21.63,68.12,3.12,Woodland
-2.735,59.855,6.61,13.73,94.52,3.07,Grassland
-3.435,59.395,7.26,2.33,87.99,0.51,Grassland
-4.315,57.465,6.29,44.46,56.23,2.45,Heathland
-4.995,51.305,8.28,0.6,68.15,1.38,Grassland
-5.415,54.585,7.19,0.52,55.54,2.85,Grassland
-0.405,52.875,8.02,5.22,49.87,2.7,Grassland
-5.635,55.225,6.25,25.07,34.56,2.02,Heathland
-7.265,57.485,6.75,9.51,36.79,1.09,Arable land
-5.265,57.235,7.67,15.87,55.65,4.42,Woodland
-2.075,58.965,7.41,44.7,19.72,1.43,Peatland
-2.645,56.505,6.25,24.42,38.25,2.7,Heathland
-5.425,57.595,7.62,41.74,60.47,2.24,Peatland
-1.965,59.635,7.13,26.94,42.08,2.73,Woodland
-4.525,52.675,6.72,18.17,54.53,2.2,Arable land
-0.125,54.125,7.45,0.0,46.58,2.42,Grassland
-6.225,55.855,7.19,17.09,49.13,2.5,Woodland
-4.575,58.785,7.47,0.0,21.56,2.8,Woodland
-5.175,52.875,6.68,13.83,83.06,3.24,Woodland
-2.265,51.645,7.38,17.4,18.16,3.24,Woodland
0.375,53.345,6.25,28.72,25.91,1.66,Heathland
-2.695,55.915,6.33,4.49,50.15,2.26,Arable land
-5.465,54.895,7.9,15.96,71.39,0.64,Grassland
-7.585,57.005,7.07,20.13,66.38,1.99,Grassland
0.325,51.235,6.8,2.68,43.46,1.68,Arable land
-2.075,55.275,6.86,22.48,42.16,2.13,Peatland
-3.205,59.345,7.34,20.67,35.24,0.54,Peatland
-1.715,56.105,5.47,28.15,11.17,2.11,Heathland
-4.995,57.755,7.85,3.64,65.61,2.48,Grassland
-2.545,55.565,6.11,12.62,19.73,2.99,Woodland
-5.145,54.865,6.58,9.01,63.29,2.38,Arable land
-6.215,49.585,7.08,14.16,68.43,2.37,Grassland
-5.745,56.895,6.43,20.34,73.53,3.98,Woodland
-1.785,55.395,5.67,22.24,62.78,3.63,Woodland
-4.315,53.315,7.3,0.0,36.69,1.46,Grassland
-5.395,51.295,7.34,24.08,51.63,2.06,Peatland
-4.045,57.155,6.52,9.13,3.03,2.41,Heathland
-3.015,53.095,5.84,28.35,65.47,2.81,Arable land
-2.615,55.635,5.62,46.12,7.51,1.9,Heathland
0.185,52.755,6.74,34.96,13.82,1.74,Heathland
1.845,51.045,8.46,12.69,69.87,2.84,Grassland
-4.915,49.965,6.71,0.0,97.38,1.38,Grassland
-4.205,55.705,7.82,17.94,4.39,1.03,Peatland
-5.645,57.065,6.96,34.44,39.87,3.74,Woodland
-3.055,58.915,6.89,19.75,30.39,3.13,Woodland
-3.515,56.415,7.69,9.55,86.04,2.28,Grassland
-0.955,59.525,6.7,6.13,56.33,2.34,Arable land
-5.075,55.725,8.25,12.86,65.32,0.5,Grassland
-2.775,59.545,7.41,19.35,73.66,2.16,Grassland
-5.225,56.395,5.54,23.19,46.78,1.68,Arable land
-3.475,53.375,7.81,14.61,49.65,2.14,Grassland
-3.215,50.945,7.23,16.6,31.11,1.82,Peatland
0.975,51.615,6.95,3.07,35.87,3.21,Woodland
-5.565,49.985,7.65,23.53,47.24,0.53,Peatland
-5.335,55.325,6.33,11.67,16.64,1.99,Arable land
-2.265,57.935,6.95,8.29,10.64,0.97,Peatland
-6.655,58.515,6.24,34.24,57.07,1.84,Arable land
-2.885,56.905,6.31,18.81,12.14,2.14,Heathland
-1.575,57.295,5.99,13.46,39.7,1.47,Arable land
-3.325,51.115,7.51,23.98,45.8,2.7,Peatland
-5.165,51.535,7.7,24.24,42.02,0.5,Peatland
-2.385,59.395,6.7,15.83,81.36,2.03,Arable land
-2.535,55.765,7.38,25.66,52.98,3.11,Woodland
-2.185,50.665,6.84,28.21,46.79,1.52,Peatland
-5.525,55.425,5.5,0.0,55.89,2.21,Arable land
-1.625,59.175,7.18,18.29,75.94,1.17,Grassland
-3.145,59.715,7.49,27.6,58.71,2.21,Peatland
-2.195,57.045,5.41,19.95,50.41,2.68,Arable land
1.445,52.255,6.86,12.04,47.84,4.42,Woodland
-6.385,49.565,5.87,20.25,75.19,0.5,Arable land
-2.965,51.565,7.65,28.89,28.98,1.93,Peatland
-3.605,58.025,6.8,37.21,18.2,3.1,Heathland
-1.145,55.275,6.6,10.91,51.99,3.1,Woodland
-3.905,57.345,7.2,3.22,95.22,0.72,Grassland
-4.535,53.515,6.47,41.39,15.75,0.94,Heathland
-2.405,50.705,8.18,39.12,46.77,1.14,Peatland
-1.735,59.385,6.13,29.67,9.95,2.2,Heathland
-6.095,58.525,6.0,35.07,19.07,1.34,Heathland
0.605,51.435,7.52,1.6,84.86,0.5,Grassland
-1.645,51.375,8.38,22.55,77.23,0.5,Grassland
-0.915,50.775,7.26,0.0,63.34,2.89,Grassland
-4.585,57.105,6.89,6.93,62.2,3.45,Woodland
-4.085,51.485,6.99,8.77,65.24,2.45,Grassland
-1.665,55.585,5.24,15.11,37.33,4.72,Woodland
-0.725,50.255,5.76,16.2,50.46,1.35,Arable land
-0.175,50.375,6.43,40.29,9.94,3.41,Heathland
-0.175,50.915,6.22,7.86,36.62,0.87,Arable land
1.535,51.105,7.55,26.73,76.9,2.58,Grassland
1.065,52.015,6.33,8.81,37.08,3.09,Woodland
-4.035,51.385,6.38,1.16,52.38,4.39,Woodland
-2.635,53.465,6.94,31.58,1.7,0.83,Peatland
-3.625,56.085,5.99,12.36,87.85,1.98,Arable land
-5.095,51.255,8.5,9.54,88.47,1.47,Grassland
-3.325,50.955,6.65,24.46,55.81,1.85,Arable land
-4.755,49.855,5.49,30.58,62.49,1.37,Arable land
-5.855,51.935,6.28,5.83,18.28,0.6,Arable land
-4.335,50.335,7.72,25.73,72.09,0.55,Grassland
-4.835,55.735,5.5,0.0,31.06,2.41,Arable land
-3.215,57.875,6.13,45.17,57.6,2.75,Heathland
-3.865,52.985,7.07,38.2,24.19,2.69,Heathland
-5.785,58.405,6.81,12.78,86.41,3.34,Woodland
-1.985,57.265,6.86,14.99,30.09,2.14,Peatland
-1.945,58.015,6.6,34.57,26.55,2.33,Heathland
-0.645,50.685,7.29,0.0,87.9,1.04,Grassland
-4.525,54.845,7.04,36.56,39.28,3.92,Woodland
-2.295,50.105,7.01,22.26,31.88,0.71,Peatland
-3.335,54.425,6.95,12.88,80.96,3.27,Woodland
-6.575,58.045,7.39,44.04,3.42,1.48,Peatland
1.445,50.645,6.41,27.17,48.62,1.77,Arable land
-1.715,54.755,6.53,18.05,55.71,2.48,Arable land
-3.435,53.325,6.96,2.87,95.11,2.51,Grassland
-3.065,57.955,7.64,23.82,84.43,2.96,Grassland
-1.985,57.505,7.09,18.03,78.14,1.99,Grassland
0.265,50.535,6.12,14.81,62.75,1.95,Arable land
-4.525,53.005,7.36,26.94,36.42,1.79,Peatland
-3.115,54.675,7.38,21.93,56.86,3.19,Woodland
-1.855,50.345,6.99,21.2,47.88,1.9,Peatland
-4.185,54.885,7.2,26.86,38.92,2.0,Peatland
-3.045,58.475,6.82,0.0,50.26,3.01,Woodland
-2.815,58.185,6.42,4.65,5.57,3.33,Woodland
-3.705,52.795,6.85,24.65,41.11,2.24,Peatland
-5.185,59.015,7.22,33.6,37.05,2.31,Peatland
-1.885,57.995,7.63,43.16,29.18,0.84,Peatland
-2.055,56.895,6.67,43.81,14.99,3.61,Heathland
0.635,52.435,6.88,46.21,9.35,3.08,Heathland
-7.145,56.685,6.42,21.56,9.95,2.46,Heathland
-5.165,49.975,7.68,31.34,23.72,1.64,Peatland
-2.175,55.365,6.24,47.89,32.58,5.23,Heathland
1.415,52.995,7.83,41.76,55.0,2.98,Peatland
-3.905,53.625,6.48,23.1,32.86,1.35,Arable land
-3.425,51.705,7.37,0.0,84.27,4.62,Woodland
-2.985,50.345,7.45,56.21,43.43,0.67,Peatland
-3.745,52.925,6.61,5.98,34.11,2.27,Arable land
-5.335,50.105,8.5,33.84,50.63,1.28,Peatland
-5.835,57.865,6.61,15.32,44.06,2.44,Arable land
-3.085,52.915,7.18,31.65,46.52,1.11,Peatland
-7.955,56.915,6.36,48.42,52.01,4.59,Woodland
-1.765,50.845,8.47,7.28,43.28,1.88,Grassland
-3.875,53.015,6.72,34.94,62.2,1.57,Arable land
-3.045,53.345,7.43,13.87,21.62,1.73,Peatland
-0.985,50.185,7.53,7.79,8.46,1.29,Peatland
-5.195,54.385,6.88,17.18,67.53,2.49,Grassland
-2.155,50.925,7.56,32.23,27.07,1.28,Peatland
-2.315,55.565,6.57,52.05,34.09,1.73,Heathland
-3.065,53.505,7.59,29.09,63.37,1.99,Peatland
1.275,50.685,6.67,17.91,8.15,2.1,Heathland
-0.535,51.035,6.46,18.76,55.24,2.55,Arable land
-5.225,58.515,7.01,28.59,71.73,2.62,Woodland
-5.205,54.555,7.56,37.59,46.74,0.54,Peatland
-4.205,51.315,7.65,10.07,63.48,1.15,Grassland
0.275,50.775,6.03,11.57,27.55,3.39,Woodland
-5.175,58.355,6.58,35.28,66.29,1.33,Arable land
-4.785,50.235,8.17,17.16,63.54,1.46,Grassland
-1.315,50.585,7.5,25.64,70.86,4.74,Woodland
-1.605,59.105,6.51,43.92,48.56,0.5,Peatland
-2.525,56.485,6.39,21.55,80.09,2.49,Arable land
-3.375,50.805,8.08,8.72,42.6,1.91,Grassland
-0.185,53.225,7.44,6.21,38.05,4.19,Woodland
-2.465,59.595,6.82,40.47,57.8,2.59,Heathland
-5.485,55.765,7.21,23.62,17.12,2.86,Heathland
-3.755,53.795,7.24,30.56,13.01,1.82,Peatland
-3.225,58.375,7.98,25.98,70.83,2.46,Grassland
1.085,52.725,7.13,42.19,10.41,2.08,Heathland
-4.895,49.825,8.16,10.94,30.78,0.86,Peatland
-4.705,50.755,8.25,44.68,37.25,1.81,Peatland
-4.855,49.995,8.04,20.07,47.1,0.5,Peatland
-0.435,50.775,6.37,30.9,48.9,2.83,Woodland
-3.375,55.305,5.83,41.74,56.96,1.78,Heathland
-5.455,57.405,6.03,35.57,35.68,2.42,Heathland
-5.705,51.535,7.97,11.22,69.22,1.93,Grassland
-3.465,53.185,6.99,30.88,34.8,4.33,Woodland
-5.005,57.815,7.63,57.43,39.92,1.4,Peatland
-3.565,54.475,6.65,28.78,22.34,0.94,Peatland
-3.145,55.365,6.35,13.44,48.71,2.07,Arable land
-7.905,57.735,7.26,10.59,72.48,2.78,Grassland
-3.255,53.855,7.73,2.47,58.32,1.35,Grassland
1.005,52.585,6.69,19.05,75.11,4.9,Woodland
-3.595,50.515,7.86,16.07,43.42,0.52,Peatland
1.295,50.625,6.68,17.86,13.82,1.34,Peatland
0.685,51.405,5.82,0.0,75.54,1.22,Arable land
-6.075,56.155,7.04,2.69,64.22,1.79,Grassland
-6.615,50.035,7.7,42.46,58.26,0.64,Peatland
-5.155,58.155,7.39,31.38,46.43,1.15,Peatland
-3.925,53.505,6.44,32.27,13.68,2.44,Heathland
-3.445,50.655,7.39,19.14,62.67,3.83,Woodland
-4.075,53.395,6.59,32.66,37.49,1.34,Peatland
0.325,51.475,6.77,11.19,29.79,2.85,Woodland
-3.265,55.455,6.89,8.91,80.63,3.13,Grassland
-8.005,57.425,5.39,18.23,68.57,0.97,Arable land
-3.155,59.795,7.39,13.85,11.22,2.44,Peatland
-0.455,53.335,5.7,30.23,69.88,2.38,Arable land
-1.065,53.845,6.71,27.69,59.07,1.73,Arable land
-4.135,57.965,7.46,35.46,64.49,1.45,Peatland
0.815,51.855,6.44,23.52,35.28,3.0,Woodland
-5.265,50.245,8.03,33.86,37.19,2.22,Peatland
-7.875,56.815,7.01,22.41,73.14,1.58,Grassland
-5.125,51.275,6.82,28.74,72.67,0.59,Arable land
-4.655,50.765,7.24,0.0,51.68,1.9,Grassland
-3.095,56.225,6.66,13.67,64.09,0.5,Arable land
0.365,52.425,7.34,18.82,30.98,3.47,Woodland
-4.855,59.075,7.66,38.67,40.38,0.54,Peatland
-0.115,52.775,6.96,8.19,44.9,0.87,Arable land
-6.145,58.785,6.65,9.07,29.46,1.26,Arable land
-3.265,53.785,6.9,4.97,93.7,3.66,Grassland
-2.185,51.765,7.88,8.39,47.85,3.0,Grassland
0.695,53.275,8.42,24.38,60.09,2.15,Grassland
-1.875,50.825,7.38,35.43,53.06,0.97,Peatland
-4.575,57.065,7.84,10.71,75.29,1.86,Grassland
-3.905,52.675,6.97,11.28,38.45,2.07,Arable land
-4.125,55.545,8.39,23.07,47.97,2.85,Grassland
-2.985,58.925,7.38,13.27,23.07,0.72,Peatland
-4.855,53.565,7.16,28.83,35.89,2.42,Peatland
-4.935,54.635,6.33,37.85,49.43,2.19,Heathland
-3.875,57.425,7.11,39.26,43.53,3.67,Woodland
-3.095,59.545,7.64,9.22,52.61,1.78,Grassland
-4.725,56.085,7.05,14.34,66.28,1.32,Grassland
-5.015,55.865,6.83,30.2,69.5,3.48,Woodland
-1.365,50.885,6.07,20.21,65.34,0.95,Arable land
0.005,54.005,5.57,32.11,75.54,1.48,Arable land
0.055,50.565,7.07,6.66,54.88,2.37,Grassland
-5.895,55.895,6.23,21.19,52.36,2.74,Woodland
-1.885,50.565,6.46,23.31,58.59,1.67,Arable land
-2.145,56.905,6.63,15.16,25.65,1.16,Arable land
-2.875,54.475,6.18,28.54,64.95,1.37,Arable land
-3.015,51.175,7.04,33.34,38.85,1.11,Peatland
-0.495,54.875,7.28,14.81,42.66,3.57,Woodland
-2.125,51.695,6.66,18.47,34.61,3.57,Woodland
-7.125,56.185,6.74,30.33,35.09,1.77,Peatland
-5.215,56.935,7.89,16.04,50.85,3.23,Grassland
1.405,51.725,6.66,15.09,58.18,0.5,Arable land
-6.615,49.605,8.38,32.58,5.08,1.57,Peatland
-6.685,55.275,5.66,25.76,3.43,1.5,Heathland
0.655,51.715,7.11,12.22,27.35,2.11,Peatland
-2.125,57.965,6.81,33.54,49.79,1.89,Peatland
-2.315,57.795,7.0,13.0,56.66,1.72,Grassland
-0.905,50.805,7.46,19.5,2.53,0.92,Peatland
-5.505,54.715,5.69,33.27,61.2,2.01,Arable land
-2.465,55.515,6.59,19.21,79.59,1.34,Arable land
-6.095,58.215,7.38,35.41,46.63,2.82,Peatland
-2.055,51.715,6.77,0.83,71.45,0.69,Arable land
-3.725,58.795,6.98,43.49,50.79,3.36,Heathland
-3.145,59.595,7.59,22.61,71.29,2.75,Grassland
-0.305,52.675,7.22,20.97,31.17,3.14,Woodland
-5.255,54.485,7.31,3.78,78.59,3.26,Grassland
-4.925,58.885,7.76,0.0,46.87,1.26,Grassland
-5.435,58.275,7.02,17.87,73.22,1.82,Grassland
-2.495,55.775,6.47,26.65,71.1,3.42,Woodland
-3.765,51.865,7.43,14.48,43.28,1.43,Peatland
-4.525,58.365,6.5,39.02,31.64,2.65,Heathland
-6.375,58.385,5.8,25.85,36.78,1.79,Arable land
-2.385,55.485,7.16,8.39,68.32,1.61,Grassland
-6.265,50.005,7.48,25.49,5.94,0.5,Peatland
-0.395,54.465,6.74,16.36,89.57,2.41,Grassland
1.695,51.995,5.67,39.07,41.54,2.33,Heathland
-3.115,57.915,6.1,43.26,57.09,2.16,Heathland
-4.305,56.405,7.17,31.36,67.14,3.47,Woodland
-3.605,51.535,7.02,26.17,61.55,0.65,Peatland
0.685,50.485,7.19,19.06,4.86,4.24,Woodland
-4.155,55.345,6.16,2.98,64.86,3.11,Woodland
-6.595,56.545,5.96,45.09,23.55,2.07,Heathland
-4.865,56.165,6.64,23.04,25.82,1.83,Heathland
-3.245,54.095,6.93,15.88,55.41,1.03,Arable land
-6.475,55.825,5.88,14.31,51.0,3.4,Woodland
-4.435,54.325,7.29,9.5,87.51,1.8,Grassland
-0.715,53.765,7.45,19.94,67.53,0.61,Grassland
-3.685,53.655,7.06,20.11,56.26,1.17,Peatland
-3.585,54.755,6.32,22.92,5.17,1.8,Heathland
-6.755,57.145,6.58,14.21,56.11,1.29,Arable land
-2.185,50.655,7.54,30.77,64.38,1.91,Peatland
0.045,52.635,6.57,20.13,23.98,3.51,Woodland
0.535,52.555,6.45,48.79,36.01,2.19,Heathland
-0.765,53.345,6.17,41.53,0.56,0.5,Heathland
-0.835,51.225,7.24,0.0,77.73,2.59,Grassland
-2.185,58.025,7.62,26.71,40.95,1.38,Peatland
-0.175,52.905,7.09,10.15,31.63,3.63,Woodland
-2.865,53.725,6.12,20.02,54.65,0.76,Arable land
-4.575,50.235,5.96,11.93,53.17,2.66,Arable land
-2.845,55.935,6.41,5.01,45.26,2.82,Woodland
-7.655,57.135,6.82,45.21,58.98,3.93,Woodland
-2.455,50.195,6.9,46.7,24.29,1.86,Heathland
-0.155,51.215,6.29,8.41,42.84,2.25,Arable land
0.245,51.785,6.92,42.96,31.56,1.86,Heathland
-2.655,54.985,6.58,15.99,83.84,1.35,Arable land
-0.585,54.565,6.81,35.22,57.33,2.86,Woodland
-6.855,57.705,6.87,0.0,76.98,2.77,Grassland
-2.155,55.695,6.29,4.33,47.25,2.64,Arable land
-0.205,50.965,6.95,27.25,53.2,1.33,Peatland
-6.385,57.385,5.99,9.9,19.17,3.51,Woodland
-5.495,50.405,8.5,18.27,69.84,1.31,Grassland
-3.675,59.445,6.36,45.66,21.47,3.31,Heathland
-1.475,59.165,7.77,12.29,13.44,1.48,Peatland
-3.905,56.075,6.23,1.39,26.77,2.19,Arable land
-1.785,57.795,7.4,22.88,78.66,1.75,Grassland
-2.615,57.335,6.31,36.42,69.17,4.11,Woodland
-2.875,50.265,7.49,54.7,48.04,0.5,Peatland
1.425,52.865,5.74,28.08,64.34,2.1,Arable land
-0.165,53.195,6.74,39.83,14.67,2.62,Heathland
-5.975,55.615,6.64,44.8,28.74,1.88,Heathland
-4.745,51.455,6.35,20.28,80.59,1.19,Arable land
-0.985,50.685,6.91,29.49,40.91,1.51,Peatland
-5.045,54.625,7.32,15.35,29.04,1.41,Peatland
-5.225,51.505,7.52,10.74,12.23,1.09,Peatland
-7.055,58.655,7.37,25.25,57.91,3.66,Woodland
1.635,51.475,7.37,20.03,46.97,2.64,Woodland
-6.045,55.725,6.64,44.91,34.02,0.81,Peatland
-5.285,58.155,7.4,12.65,74.83,2.51,Grassland
-2.345,50.235,6.73,9.28,87.03,4.31,Woodland
-0.995,50.975,7.49,37.42,56.79,3.04,Woodland
-3.185,58.515,7.38,22.85,26.26,4.06,Woodland
-4.615,52.415,7.04,14.36,81.38,1.37,Grassland
-6.565,57.705,7.59,29.92,69.19,0.52,Peatland
-3.925,58.525,6.03,10.56,83.52,1.78,Arable land
-4.915,54.305,7.29,3.89,49.88,1.78,Grassland
-2.385,54.295,6.69,47.24,24.67,1.66,Heathland
-3.905,55.725,5.85,15.75,81.14,1.84,Arable land
-5.195,55.475,6.24,22.03,66.4,2.54,Arable land
-6.205,57.635,7.75,22.89,52.96,1.76,Peatland
-6.335,56.545,7.18,3.02,67.06,2.65,Grassland
0.885,50.555,6.88,14.16,77.03,1.91,Grassland
-3.315,54.005,5.68,36.58,44.62,1.57,Heathland
-2.895,51.465,8.16,0.75,57.94,0.5,Grassland
-3.295,51.015,7.95,36.3,36.05,1.31,Peatland
-7.075,58.615,6.28,27.16,54.58,2.05,Arable land
-1.095,50.695,6.6,0.0,39.19,1.92,Arable land
-4.325,50.205,6.27,18.22,65.33,0.68,Arable land
-1.055,59.735,6.02,14.64,42.95,1.75,Arable land
-3.975,55.875,6.65,24.65,44.64,2.34,Arable land
-6.155,50.155,7.49,0.0,76.45,3.27,Grassland
-1.025,50.595,7.6,23.1,55.24,2.4,Grassland
-3.765,52.315,7.47,32.86,10.86,2.38,Peatland
-5.045,51.835,6.64,2.5,44.03,0.77,Arable land
-2.615,56.615,6.99,38.6,38.36,2.74,Heathland
1.155,52.775,7.39,15.24,70.5,0.54,Grassland
-4.635,54.935,7.6,34.18,51.41,3.31,Woodland
-1.435,54.505,6.7,16.71,50.68,0.63,Arable land
-7.355,57.815,6.52,1.68,81.31,4.34,Woodland
-4.995,56.385,7.52,8.17,27.18,3.85,Woodland
-2.025,55.005,8.5,11.44,83.49,2.77,Grassland
-4.365,55.765,8.03,16.37,33.13,1.68,Peatland
-2.365,56.005,7.09,39.47,42.71,1.49,Peatland
0.665,52.645,6.86,14.82,82.65,3.87,Woodland
-6.525,49.885,8.45,31.4,66.42,1.89,Grassland
-1.505,54.905,6.66,24.42,10.2,3.48,Heathland
1.755,52.985,6.49,11.93,62.86,3.12,Woodland
-2.495,59.615,7.11,22.41,41.43,2.17,Peatland
-4.195,58.325,6.38,45.12,60.4,3.31,Heathland
0.085,53.185,5.73,18.94,80.05,2.16,Arable land
-7.395,56.785,5.34,21.21,48.75,4.4,Woodland
-2.235,50.545,5.5,4.0,34.82,2.35,Arable land
-5.615,57.955,6.32,34.0,57.08,1.41,Arable land
-3.475,56.115,5.9,28.19,59.47,3.47,Woodland
-3.375,57.475,6.25,21.96,76.96,1.55,Arable land
-3.325,51.195,7.08,27.94,50.23,0.52,Peatland
-3.265,55.995,6.06,14.12,87.16,2.53,Arable land
-3.455,52.885,7.16,5.98,39.08,3.08,Woodland
-5.255,56.075,8.31,15.86,47.96,1.6,Grassland
-7.565,58.065,5.96,23.83,53.84,1.67,Arable land
-1.735,54.895,6.68,36.11,35.81,1.46,Heathland
-5.375,49.765,7.75,28.06,62.81,1.73,Peatland
-4.705,53.665,7.42,8.84,54.17,3.32,Woodland
-1.175,54.775,5.65,48.02,43.89,3.91,Heathland
-1.875,55.205,6.47,50.61,9.1,2.98,Heathland
-5.745,57.675,5.51,18.02,34.85,2.56,Arable land
-6.555,58.085,5.74,3.99,57.75,1.41,Arable land
-3.245,58.365,7.37,11.6,28.05,1.68,Peatland
-0.985,53.385,6.18,33.17,14.85,2.24,Heathland
1.345,52.205,7.81,16.06,63.42,3.38,Grassland
-5.005,52.395,5.84,18.97,50.99,0.52,Arable land
-7.935,57.415,6.13,38.89,31.96,3.62,Heathland
-1.125,54.365,6.56,23.4,40.86,3.65,Woodland
-3.685,50.625,8.34,15.4,61.72,1.28,Grassland
-1.015,59.495,6.42,20.32,33.25,3.79,Woodland
-0.215,52.575,6.84,16.52,55.64,2.2,Arable land
-1.725,57.585,6.94,9.2,77.72,1.7,Grassland
-1.735,56.875,6.45,31.19,56.34,3.45,Woodland
-1.395,55.725,6.25,15.92,22.0,2.22,Heathland
-1.825,50.225,7.83,28.11,68.39,2.52,Grassland
-2.095,55.975,6.48,4.5,38.89,1.41,Arable land
-1.285,57.425,7.0,33.86,63.71,3.11,Woodland
-3.755,58.525,6.59,22.23,68.32,1.06,Arable land
-5.265,55.125,7.46,31.28,33.77,2.3,Peatland
-3.875,52.155,7.77,30.25,40.9,1.28,Peatland
-3.035,51.945,7.36,10.65,46.81,2.54,Grassland
-1.825,51.105,7.41,1.16,54.23,0.78,Grassland
-3.275,56.815,5.89,28.71,54.02,3.06,Woodland
0.825,51.875,6.86,4.05,81.28,1.68,Grassland
-3.125,50.845,5.86,14.77,84.46,4.04,Woodland
-0.045,54.015,7.15,25.03,31.11,1.98,Peatland
-1.425,59.865,6.73,20.06,56.55,1.25,Arable land
-4.445,55.125,5.81,12.29,28.95,2.69,Arable land
-1.775,50.605,7.61,31.35,51.0,2.02,Peatland
-7.805,57.335,6.49,16.05,40.64,4.73,Woodland
-6.315,56.845,6.0,51.2,6.74,5.02,Heathland
-3.235,57.685,6.23,26.88,30.78,4.32,Woodland
-6.715,57.935,6.63,3.38,63.17,2.12,Arable land
-0.935,50.505,6.82,32.63,31.83,2.39,Heathland
-5.045,52.815,7.06,14.91,38.55,1.34,Peatland
1.425,51.485,5.45,28.09,28.72,0.6,Arable land
-6.345,57.995,6.67,11.58,66.78,3.55,Woodland
-7.465,57.355,5.15,54.15,32.24,5.05,Heathland
-5.535,51.995,7.0,24.49,49.47,2.11,Peatland
1.295,51.425,6.38,6.65,56.44,4.55,Woodland
-4.715,49.825,6.74,60.65,33.56,0.5,Heathland
0.375,54.045,6.18,32.08,59.56,2.61,Arable land
-1.075,53.815,6.44,13.15,45.15,2.25,Arable land
-1.625,59.065,6.54,26.77,55.71,2.88,Woodland
0.205,52.855,7.4,34.1,30.28,2.18,Peatland
-3.205,55.365,6.17,11.29,47.01,2.64,Arable land
-1.695,59.345,7.09,18.37,58.1,2.35,Grassland
-0.565,53.275,6.54,13.01,86.31,2.66,Arable land
-4.395,52.845,7.49,37.89,19.32,2.1,Peatland
-1.745,59.865,6.61,46.36,54.72,2.9,Heathland
-2.715,59.475,6.52,32.49,69.17,3.24,Woodland
0.145,52.545,7.26,2.41,30.3,0.82,Peatland
-1.425,55.395,7.25,3.97,55.22,1.25,Grassland
-3.975,52.915,6.95,23.0,73.47,2.14,Grassland
-3.425,54.465,7.47,8.11,82.55,1.68,Grassland
-2.325,52.235,7.92,16.29,82.83,2.57,Grassland
-0.585,53.275,7.95,15.52,86.83,0.81,Grassland
-5.855,51.845,6.19,28.68,67.82,1.64,Arable land
-3.095,50.735,7.89,32.41,28.71,2.61,Peatland
-4.935,53.035,7.6,10.95,45.32,3.11,Woodland
-2.485,50.655,7.1,12.52,26.38,0.8,Peatland
-2.965,56.865,5.52,4.9,65.57,1.48,Arable land
-6.015,58.655,6.32,6.18,40.45,2.37,Arable land
-2.835,53.365,7.67,13.82,89.42,0.9,Grassland
1.175,52.325,6.8,0.0,73.06,1.91,Grassland
-6.505,50.275,7.06,32.01,69.23,1.57,Peatland
-3.265,57.995,7.3,38.78,22.86,4.1,Heathland
-1.965,51.135,7.61,2.99,76.23,1.85,Grassland
-4.695,58.015,7.35,47.52,25.52,1.88,Peatland
-5.045,55.265,7.16,21.97,34.72,1.37,Peatland
0.015,51.485,7.58,9.24,17.17,3.39,Woodland
-4.865,56.245,6.62,25.5,38.87,3.5,Woodland
-2.625,55.765,6.54,4.51,27.69,4.82,Woodland
-0.825,59.785,6.64,35.21,20.67,2.74,Heathland
-5.665,57.165,8.17,12.73,61.82,1.35,Grassland
-3.055,53.095,7.39,40.35,59.84,2.81,Peatland
-4.295,57.925,6.79,17.85,47.64,1.79,Arable land
0.595,51.375,7.53,26.5,16.96,2.45,Peatland
-3.175,50.555,8.18,36.48,8.78,0.88,Peatland
-1.115,50.555,6.17,30.74,33.59,2.5,Heathland
-3.475,53.205,6.81,14.72,64.07,0.81,Arable land
-1.825,50.945,7.26,12.93,12.41,1.07,Peatland
-2.645,54.855,6.66,6.09,99.49,2.38,Grassland
-1.055,55.365,7.3,12.55,80.92,1.97,Grassland
-6.835,55.635,5.77,6.06,20.59,3.66,Woodland
-0.965,54.365,6.45,4.34,51.88,2.17,Arable land
-5.715,55.735,7.02,28.76,70.91,2.91,Woodland
-3.685,57.885,6.01,27.68,38.43,2.68,Heathland
-3.335,53.435,6.38,32.8,52.9,1.61,Arable land
-1.355,59.655,7.39,2.73,29.07,2.49,Grassland
-0.255,52.745,6.81,21.33,63.68,3.28,Woodland
-1.525,54.445,6.63,47.87,51.76,2.26,Heathland
-2.755,50.695,8.37,2.69,64.54,1.77,Grassland
-0.875,50.525,7.15,21.41,79.15,1.97,Grassland
-7.485,56.655,5.51,12.81,55.03,0.5,Arable land
-4.645,52.085,7.96,30.06,35.21,0.5,Peatland
1.955,52.345,5.54,10.11,0.69,1.32,Arable land
-3.955,53.195,6.5,26.74,61.83,1.32,Arable land
-2.645,54.345,6.75,16.27,47.78,3.35,Woodland
-6.115,49.545,8.31,32.57,39.73,1.31,Peatland
-3.525,58.205,6.66,46.08,36.82,2.08,Heathland
-5.355,49.615,8.5,4.73,31.59,1.26,Grassland
-5.595,56.795,8.36,10.22,63.99,0.5,Grassland
-2.565,54.905,7.5,6.58,50.24,1.28,Grassland
-3.495,55.645,5.88,34.67,61.16,4.41,Woodland
1.755,51.435,6.41,8.18,51.43,3.12,Woodland
-3.615,51.805,7.06,48.07,12.17,0.66,Peatland
-6.685,58.475,6.43,8.09,38.63,1.3,Arable land
-6.425,56.655,6.84,2.89,56.51,1.33,Arable land
-6.205,57.675,6.47,4.0,44.65,3.5,Woodland
-3.105,58.005,5.88,34.59,63.17,3.83,Woodland
-5.525,56.375,6.55,38.09,6.19,3.28,Heathland
-4.465,54.195,7.47,28.09,7.43,0.58,Peatland
-2.895,52.055,6.68,3.71,55.69,2.1,Arable land
-5.065,58.645,5.91,7.92,94.22,1.25,Arable land
-6.255,56.265,7.01,0.0,4.89,4.29,Woodland
-5.925,55.355,5.82,28.91,25.51,2.08,Heathland
-4.665,52.185,7.65,0.75,42.12,3.75,Woodland
-3.195,56.615,7.01,19.06,9.97,2.76,Heathland
0.275,53.825,6.27,62.77,43.14,2.95,Heathland
-3.975,51.405,7.77,30.52,57.77,2.41,Peatland
-4.535,56.185,5.99,28.85,20.39,2.6,Heathland
-4.055,58.395,7.64,12.37,82.9,2.48,Grassland
-2.705,58.895,7.1,4.72,53.21,1.53,Grassland
-4.975,49.695,6.14,21.56,67.66,1.37,Arable land
-4.725,53.665,8.05,31.45,50.56,2.13,Peatland
-0.695,55.005,6.01,8.49,45.34,2.45,Arable land
-5.325,58.035,7.15,32.76,18.38,1.92,Peatland
-5.055,56.205,7.4,33.42,49.38,2.35,Peatland
-4.435,56.065,5.97,31.3,50.92,1.03,Arable land
-5.515,57.635,6.8,25.88,72.66,2.45,Arable land
-5.815,50.085,7.33,22.38,59.15,3.39,Woodland
-5.755,57.655,7.06,15.01,17.41,3.03,Woodland
0.305,51.675,6.9,10.14,31.03,3.71,Woodland
-1.395,51.375,6.86,20.54,56.31,1.62,Arable land
-7.635,57.025,7.03,18.39,29.46,3.66,Woodland
-3.075,50.815,7.35,31.37,34.89,3.06,Woodland
-5.565,52.135,8.18,15.82,89.93,3.86,Grassland
-6.235,49.625,7.55,0.0,53.67,2.52,Grassland
-2.885,53.125,6.14,7.36,31.84,0.51,Arable land
-3.785,50.085,7.96,43.6,43.93,0.67,Peatland
-6.295,56.625,7.15,12.79,46.33,2.44,Grassland
-1.075,59.885,6.96,23.42,36.03,2.59,Woodland
-4.545,50.405,7.93,52.11,50.16,1.96,Peatland
-4.665,51.015,5.85,27.92,41.46,3.25,Woodland
-5.295,49.475,7.21,1.41,75.02,2.93,Grassland
-4.735,57.885,7.15,44.49,6.91,1.45,Heathland
-2.735,57.555,6.21,29.42,34.12,2.55,Heathland
-2.315,59.365,7.47,12.41,42.12,1.95,Grassland
-4.765,53.325,7.47,26.09,64.54,3.29,Woodland
-2.945,53.625,7.88,31.24,55.1,3.15,Woodland
-3.975,50.405,7.67,12.82,65.43,2.02,Grassland
-3.185,50.265,8.37,33.01,1.87,0.51,Peatland
-3.405,53.805,6.34,10.83,78.92,0.91,Arable land
-4.915,58.955,7.11,65.27,38.26,1.54,Heathland
-2.355,51.465,6.52,9.12,81.55,3.12,Woodland
-1.155,50.245,7.63,2.56,43.71,2.85,Grassland
1.315,53.135,7.05,29.48,2.31,3.26,Heathland
-3.955,54.345,6.34,34.79,26.08,2.78,Heathland
-5.075,52.725,7.05,24.82,41.27,3.44,Woodland
-0.055,54.035,7.33,11.67,69.38,2.66,Grassland
-4.435,51.825,7.86,13.23,51.13,1.79,Grassland
-4.145,52.905,6.2,35.01,49.85,4.19,Woodland
-6.155,56.785,7.67,7.38,27.45,1.37,Peatland
-5.065,49.905,8.19,10.3,62.13,0.5,Grassland
-5.395,56.875,7.08,22.41,41.57,3.06,Woodland
-0.485,50.775,7.54,9.16,26.08,1.56,Peatland
-7.165,57.705,5.65,30.24,39.09,1.37,Arable land
0.885,52.775,5.39,32.34,49.37,2.46,Heathland
-5.915,57.725,6.83,16.06,32.8,3.99,Woodland
-5.285,50.825,8.43,18.46,77.76,0.5,Grassland
-4.425,55.015,6.67,40.18,63.56,2.48,Heathland
-1.385,54.875,6.33,0.0,54.41,1.6,Arable land
-5.625,55.455,7.11,9.77,6.47,2.53,Peatland
-5.635,50.645,7.31,2.36,46.47,1.78,Grassland
0.445,50.455,7.19,12.85,38.33,2.09,Peatland
-5.165,58.915,5.51,12.9,94.3,1.55,Arable land
-2.705,54.975,6.96,7.22,63.9,0.8,Grassland
-4.335,57.675,6.87,4.67,66.87,0.52,Arable land
-6.845,56.785,6.07,20.75,22.53,2.56,Heathland
-6.235,49.725,6.61,20.04,60.4,2.07,Arable land
-0.335,53.745,6.78,8.09,17.28,2.6,Woodland
-6.825,57.425,6.52,45.55,50.4,2.4,Heathland
0.055,54.145,6.04,3.69,73.66,1.92,Arable land
-5.295,57.935,7.79,16.67,46.23,2.86,Grassland
-5.075,55.975,6.66,16.93,37.27,2.85,Woodland
-4.125,56.095,5.54,55.29,42.33,2.59,Heathland
-6.075,56.205,6.43,36.88,18.4,3.58,Heathland
-6.355,57.365,6.5,13.56,18.93,1.95,Arable land
0.375,51.085,6.79,37.28,33.69,2.24,Heathland
-4.845,52.085,6.48,28.68,61.71,0.54,Arable land
1.225,50.845,6.91,15.45,85.65,2.38,Grassland
-4.375,58.665,6.7,30.45,19.08,4.81,Woodland
-4.585,58.885,6.67,28.47,28.65,1.54,Peatland
-3.225,49.945,6.91,7.76,82.6,3.7,Woodland
-5.255,50.675,7.91,17.24,46.67,2.21,Grassland
1.275,51.675,5.75,33.1,61.16,3.16,Woodland
-0.285,50.725,7.79,1.5,47.33,3.13,Grassland
1.675,52.465,6.79,33.34,19.54,2.33,Heathland
-2.035,50.755,7.67,33.28,28.01,1.87,Peatland
-5.165,51.935,7.42,28.91,40.64,0.75,Peatland
-4.905,56.985,6.74,24.08,41.17,2.88,Woodland
-6.795,49.875,7.92,26.45,40.98,1.34,Peatland
-2.505,51.795,8.01,63.63,33.59,1.07,Peatland
-3.625,51.435,8.41,1.96,17.47,3.47,Woodland
-2.755,54.245,6.65,13.3,32.94,2.65,Woodland
-1.525,57.535,6.72,48.94,18.74,0.91,Heathland
-4.795,54.375,6.64,2.3,98.1,0.78,Grassland
1.425,52.165,7.33,23.03,81.34,2.32,Grassland
-3.185,59.425,6.95,46.45,31.83,2.46,Heathland
1.005,52.655,7.36,10.53,89.47,0.77,Grassland
-3.065,55.535,7.1,37.9,12.43,2.29,Heathland
-2.705,57.905,5.82,30.31,44.0,1.43,Arable land
-0.875,53.815,5.63,30.76,7.28,2.79,Heathland
-6.035,57.405,6.14,21.51,61.58,2.25,Arable land
-1.965,59.925,7.12,36.8,24.6,3.03,Heathland
-4.085,53.665,7.32,35.18,57.85,1.51,Peatland
0.665,51.545,6.64,24.67,56.96,0.56,Arable land
-4.145,52.585,6.78,11.8,86.63,2.37,Grassland
-3.395,59.015,6.09,33.07,41.78,4.45,Woodland
-7.195,56.395,6.89,13.11,79.12,2.38,Grassland
0.725,50.575,8.44,21.08,79.78,2.89,Grassland
-4.735,57.535,7.17,8.33,85.55,1.14,Grassland
-2.695,57.745,6.25,29.83,63.92,0.79,Arable land
-5.025,57.405,6.16,12.36,86.8,1.92,Arable land
-5.185,57.155,6.33,31.74,37.65,2.32,Heathland
-0.055,54.405,7.12,2.74,70.02,0.83,Grassland
-5.795,51.885,6.9,30.11,63.7,1.22,Peatland
-4.145,57.445,6.42,15.01,44.46,2.52,Arable land
-5.065,58.675,7.54,31.11,57.07,2.25,Peatland
-1.415,50.685,6.72,24.85,29.58,1.05,Peatland
-1.725,54.525,6.03,14.19,18.24,2.62,Heathland
-2.475,54.345,6.62,31.09,58.33,4.19,Woodland
-1.345,54.505,7.48,19.97,42.45,2.15,Peatland
-0.175,54.005,6.19,15.06,69.57,4.56,Woodland
-5.455,49.535,6.62,15.91,58.67,1.44,Arable land
-5.615,57.105,7.65,27.23,70.34,2.0,Grassland
0.195,51.865,6.76,21.06,72.66,1.2,Arable land
-4.765,51.375,7.37,22.88,71.81,2.55,Grassland
-2.025,50.685,6.49,22.33,57.22,2.07,Arable land
-4.305,52.105,6.58,13.38,20.93,0.97,Arable land
-5.115,52.245,6.26,0.0,29.39,2.05,Arable land
-3.045,54.485,7.1,9.72,91.6,0.5,Grassland
-3.115,56.365,7.43,21.83,62.06,1.08,Grassland
-5.285,57.865,6.66,4.67,62.12,0.51,Arable land
-0.875,54.895,5.85,26.51,57.58,2.06,Arable land
-2.915,53.795,7.41,28.88,54.07,1.66,Peatland
-2.835,58.995,6.39,34.18,67.34,1.83,Arable land
-5.075,52.925,7.1,11.33,69.97,1.04,Grassland
-2.375,54.105,6.24,39.95,47.08,4.16,Woodland
-2.155,57.375,6.62,31.88,55.69,3.14,Woodland
-2.365,51.365,7.29,24.32,70.68,4.11,Woodland
-6.655,57.985,6.06,8.05,66.62,2.62,Arable land
-4.485,58.995,7.14,55.75,12.39,2.99,Heathland
-0.345,54.545,6.87,20.86,76.45,1.25,Arable land
-3.065,58.075,7.43,14.99,85.04,3.21,Grassland
-5.755,52.135,6.75,2.17,37.22,1.39,Arable land
-3.435,51.935,6.37,10.85,61.76,1.29,Arable land
-6.325,55.245,7.54,6.62,77.67,4.77,Woodland
-1.985,56.435,6.02,50.01,55.21,3.43,Heathland
-4.465,53.125,6.63,22.99,76.89,1.43,Arable land
-2.215,59.625,7.33,1.19,12.28,3.11,Woodland
-5.385,57.175,6.12,5.41,70.07,2.68,Arable land
-5.905,49.585,8.31,30.57,14.53,1.75,Peatland
-4.055,52.925,6.32,38.64,55.69,2.59,Heathland
1.455,53.025,6.84,26.55,27.92,2.29,Heathland
-1.175,59.645,6.88,24.21,41.59,1.75,Peatland
-2.385,57.065,6.83,16.93,18.5,2.06,Peatland
-3.725,54.895,6.26,33.39,66.72,2.46,Arable land
-6.715,49.655,6.77,36.54,46.95,1.97,Heathland
-1.665,50.315,6.93,10.14,81.83,3.37,Woodland
-1.285,54.885,6.96,29.27,1.6,1.61,Heathland
-4.855,55.105,6.51,45.0,9.66,2.61,Heathland
-4.405,59.065,6.1,35.79,25.69,2.96,Heathland
-4.715,50.305,8.14,4.31,9.33,0.51,Peatland
-0.965,59.525,6.11,32.36,35.69,4.03,Woodland
-3.715,56.145,6.91,36.64,48.25,3.33,Woodland
-4.755,58.025,7.62,40.01,43.61,2.54,Peatland
-5.225,54.495,6.74,3.03,40.15,1.72,Arable land
-4.605,50.715,7.64,0.47,67.82,3.38,Grassland
-2.725,53.625,6.56,47.12,23.15,2.07,Heathland
-3.685,51.395,8.04,0.0,47.42,3.31,Grassland
-3.695,58.415,7.06,26.8,32.61,2.35,Peatland
-2.125,51.885,7.02,42.89,7.17,1.36,Heathland
-2.025,57.075,6.67,25.98,50.77,2.4,Woodland
-3.865,57.145,5.88,21.45,55.47,2.07,Arable land
-4.725,54.195,7.12,5.49,87.82,1.82,Grassland
0.635,51.155,6.69,0.06,53.01,1.85,Arable land
1.235,50.705,7.42,17.08,82.04,2.5,Grassland
-5.645,57.405,6.07,20.4,44.05,0.5,Arable land
-2.355,51.935,6.27,12.79,49.26,1.82,Arable land
-7.825,56.705,6.31,20.11,43.79,3.18,Woodland
-6.655,50.325,7.54,48.46,49.65,2.1,Peatland
-5.065,53.145,7.2,26.19,60.21,1.67,Peatland
-2.945,58.995,7.15,28.68,22.62,1.05,Peatland
-4.475,51.215,7.19,19.87,75.81,3.4,Woodland
-6.295,50.395,6.55,32.5,72.47,3.49,Woodland
-3.415,58.525,6.74,18.46,37.58,0.86,Peatland
-1.325,54.785,6.29,36.03,67.71,3.07,Woodland
-3.345,53.325,7.57,28.75,49.22,2.61,Peatland
-3.055,53.615,7.28,7.56,30.52,3.74,Woodland
-6.095,56.705,5.98,11.32,49.66,1.7,Arable land
-5.105,54.835,8.32,31.71,39.58,1.96,Peatland
-2.045,55.255,5.31,29.04,69.59,3.38,Woodland
-3.475,53.325,6.58,22.06,63.82,0.61,Arable land
-5.115,58.295,6.17,28.21,51.66,3.0,Woodland
-0.985,53.475,7.16,21.87,24.77,2.89,Woodland
-7.465,57.005,6.43,17.09,41.5,2.24,Arable land
-2.555,57.185,6.34,30.19,71.43,1.95,Arable land
-4.015,52.135,7.01,33.98,41.09,1.44,Peatland
-4.875,55.155,6.54,1.78,66.51,0.5,Arable land
0.745,51.945,5.46,0.0,64.29,0.95,Arable land
-1.265,55.405,6.43,40.65,11.61,2.06,Heathland
-1.565,57.645,8.5,0.0,99.74,1.27,Grassland
-7.925,57.555,8.5,1.8,69.42,0.86,Grassland
-3.325,59.635,8.44,34.82,64.74,0.53,Peatland
-2.785,58.405,6.0,29.98,41.65,2.04,Heathland
-0.365,52.935,6.56,13.17,83.12,2.75,Arable land
-0.845,53.955,6.84,21.48,36.37,3.03,Woodland
-0.095,53.805,6.53,32.18,60.17,2.35,Arable land
-7.485,57.185,5.45,18.67,47.45,2.24,Arable land
-0.125,54.545,5.71,22.67,44.62,2.29,Arable land
-7.295,58.605,6.84,0.0,48.37,4.23,Woodland
-2.895,55.315,6.48,13.96,45.8,1.02,Arable land
-1.825,59.585,8.3,12.95,92.31,0.93,Grassland
-0.775,53.915,6.84,16.12,33.3,3.2,Woodland
-5.325,58.045,6.56,22.6,47.72,0.71,Arable land
-3.415,55.015,7.16,0.0,65.95,2.35,Grassland
-4.565,58.715,7.38,20.88,76.93,1.4,Grassland
-6.225,50.245,8.22,20.42,67.73,3.87,Grassland
-5.425,52.335,6.4,25.7,9.16,2.09,Heathland
1.345,50.775,6.2,11.67,45.87,3.45,Woodland
1.345,52.395,7.74,14.84,52.95,4.64,Woodland
-5.215,58.725,7.55,13.82,86.75,1.8,Grassland
-3.565,57.945,8.33,12.11,32.12,2.56,Grassland
-3.505,50.825,5.81,24.66,44.91,2.26,Arable land
-5.725,57.175,7.75,27.15,63.71,2.53,Grassland
-6.385,55.145,6.61,17.89,36.09,2.52,Woodland
-3.025,59.305,6.86,33.91,39.59,4.36,Woodland
-5.645,58.235,6.32,0.0,21.71,3.59,Woodland
-4.855,56.415,6.03,30.87,37.56,1.81,Heathland
-2.045,52.045,7.75,22.77,68.93,2.14,Grassland
-4.725,54.375,6.92,28.25,31.14,1.0,Peatland
1.375,52.595,6.64,31.33,29.79,2.04,Heathland
-6.645,58.255,6.14,24.24,19.61,2.75,Heathland
-4.705,58.445,7.48,8.71,39.14,1.87,Grassland
-3.775,53.175,7.23,46.0,25.16,3.37,Heathland
-4.175,50.585,8.29,11.91,57.44,0.58,Grassland
-1.915,55.925,6.82,46.22,40.66,1.41,Heathland
-1.515,54.375,7.0,32.74,73.03,3.38,Woodland
-2.065,56.635,5.97,61.31,23.78,2.62,Heathland
-4.255,55.995,5.97,20.31,39.69,3.02,Woodland
0.655,52.645,6.51,47.05,53.0,1.63,Heathland
-3.215,51.215,7.69,31.35,47.5,1.15,Peatland
-4.045,55.835,7.96,26.21,59.58,1.89,Grassland
1.375,50.935,6.2,27.6,33.39,2.68,Heathland
-6.805,49.865,7.52,23.43,58.48,1.0,Peatland
0.465,50.825,6.77,4.59,53.14,1.61,Arable land
-4.205,55.605,7.19,12.91,41.77,0.5,Peatland
-2.345,54.275,6.72,28.34,32.31,0.62,Peatland
-4.705,56.905,7.21,39.05,49.29,2.13,Peatland
-2.525,55.485,5.59,22.42,42.11,3.02,Woodland
-5.235,49.625,7.34,34.85,20.54,0.51,Peatland
-2.125,57.165,7.23,25.01,26.8,4.38,Woodland
-4.605,54.445,7.15,10.24,17.66,1.24,Peatland
-2.025,56.115,6.84,23.51,28.8,4.27,Woodland
-2.655,52.145,7.12,7.46,76.49,2.83,Grassland
-6.905,55.785,5.95,36.33,51.7,1.61,Arable land
-5.415,55.825,6.33,12.02,46.61,3.51,Woodland
-3.345,54.645,5.95,27.12,29.99,3.23,Heathland
-4.775,51.985,7.86,8.64,65.16,3.7,Grassland
-3.565,55.625,6.31,30.1,6.94,2.14,Heathland
-2.605,58.355,5.76,31.59,54.34,2.18,Arable land
-1.095,53.595,6.52,0.0,59.77,0.51,Arable land
-4.145,51.505,8.05,22.88,67.3,0.97,Grassland
-2.735,58.685,6.94,42.67,40.2,1.97,Heathland
-5.955,56.215,7.62,1.33,65.62,1.59,Grassland
-7.125,57.455,6.64,30.04,65.5,2.64,Woodland
-5.685,50.195,8.03,14.66,24.62,1.68,Peatland
-2.345,57.415,7.6,2.15,85.51,1.63,Grassland
-3.565,59.485,6.37,2.61,18.98,2.78,Woodland
-2.435,56.015,7.16,17.6,65.17,2.75,Grassland
0.915,51.475,6.69,9.51,75.34,3.32,Woodland
-4.495,54.625,6.48,12.33,43.53,0.85,Arable land
-5.195,51.715,6.96,17.25,2.26,2.17,Heathland
-2.525,54.275,6.0,21.11,56.83,2.6,Arable land
-3.095,53.435,8.06,12.26,62.69,3.14,Grassland
-3.305,50.485,6.2,8.63,38.35,3.39,Woodland
-2.225,57.975,6.96,19.95,77.09,1.73,Grassland
-3.665,53.115,8.5,11.1,36.34,2.34,Grassland
-5.195,49.975,6.17,25.77,67.39,1.5,Arable land
-2.795,53.675,6.18,47.83,11.01,1.84,Heathland
-4.235,54.565,7.67,0.0,37.46,3.08,Grassland
-1.275,54.385,6.46,65.07,38.73,4.13,Heathland
-3.655,54.055,6.22,25.98,47.8,3.15,Woodland
-4.215,57.995,6.2,19.7,24.65,1.03,Arable land
-3.415,54.725,6.88,13.49,60.05,1.75,Arable land
-5.165,56.595,6.77,41.8,36.98,2.29,Heathland
-0.105,53.705,6.49,32.43,11.4,2.57,Heathland
-6.345,50.465,8.5,14.39,54.74,0.93,Grassland
-4.245,49.845,7.51,20.54,29.89,1.23,Peatland
-0.365,52.605,7.01,26.41,32.91,2.49,Heathland
-3.005,54.905,6.37,17.93,9.98,2.98,Heathland
-5.295,52.075,7.07,27.68,10.47,3.55,Heathland
0.755,53.315,7.11,21.75,34.12,2.21,Peatland
-2.235,50.375,7.98,15.25,81.36,2.4,Grassland
-5.025,58.695,5.52,18.09,83.72,2.06,Arable land
-3.885,55.195,6.88,14.33,49.98,1.93,Arable land
1.115,52.565,7.11,22.94,2.53,1.91,Peatland
-3.125,53.865,7.05,0.0,45.81,1.27,Grassland
-3.095,56.575,6.08,47.8,55.68,3.25,Heathland
-6.555,49.985,8.24,16.11,17.9,2.25,Peatland
-2.455,58.015,5.79,33.25,28.22,1.67,Heathland
-3.945,54.835,6.32,31.29,52.31,1.05,Arable land
0.765,51.485,7.24,18.31,62.5,1.74,Grassland
-2.705,51.465,7.45,40.78,16.53,2.37,Heathland
-3.485,55.115,6.13,29.07,9.15,3.13,Heathland
0.845,50.995,6.02,13.5,45.82,2.43,Arable land
-1.625,59.295,5.69,21.27,78.22,3.3,Woodland
-3.945,58.255,5.74,6.66,49.1,1.39,Arable land
1.395,53.405,7.05,43.14,26.45,3.17,Heathland
-3.635,57.435,6.56,32.19,60.0,2.0,Arable land
-1.215,55.925,5.64,2.72,58.95,2.94,Arable land
0.145,52.515,6.91,33.14,25.31,3.17,Heathland
-2.815,54.275,6.58,2.22,79.39,0.62,Arable land
-4.915,51.395,8.18,43.39,64.87,2.04,Peatland
-2.665,59.295,7.68,3.49,75.85,2.24,Grassland
-6.665,58.325,6.4,28.85,52.72,0.64,Arable land
-2.205,59.755,7.23,33.65,47.56,2.08,Peatland
-2.615,50.445,6.98,10.08,54.05,2.55,Grassland
-5.725,49.685,6.62,7.39,33.65,0.5,Arable land
-4.815,51.455,6.9,50.7,28.83,1.48,Heathland
-7.135,56.335,5.74,22.09,16.0,2.84,Heathland
-6.035,56.215,6.13,27.07,25.46,4.37,Woodland
0.485,52.655,6.91,14.6,51.39,2.73,Woodland
-3.145,54.685,6.72,12.73,68.57,2.59,Arable land
-6.045,50.275,5.57,13.29,65.81,0.51,Arable land
-2.325,50.475,7.33,38.75,67.62,3.12,Woodland
-7.005,57.115,6.9,12.21,37.33,1.77,Arable land
1.535,52.205,7.53,36.91,30.99,3.75,Woodland
-3.665,58.605,6.44,43.93,15.72,2.36,Heathland
-0.185,51.325,7.12,22.3,65.15,0.74,Grassland
-6.575,58.915,5.73,31.61,53.63,2.04,Arable land
-0.365,51.295,6.66,55.13,13.18,3.14,Heathland
-3.505,56.545,7.04,30.75,70.03,0.51,Peatland
-3.255,57.955,6.39,0.84,64.23,2.54,Arable land
-5.795,55.065,6.04,11.15,81.45,2.41,Arable land
-1.335,55.415,8.15,15.6,74.91,1.62,Grassland
-5.015,55.555,5.9,36.7,40.4,1.31,Heathland
-1.205,50.295,7.2,8.93,56.87,2.23,Grassland
1.635,51.815,6.36,14.58,20.64,1.88,Arable land
-0.775,53.455,7.07,8.76,57.2,2.9,Woodland
-3.365,50.075,7.34,29.02,32.01,0.91,Peatland
-1.155,50.295,6.91,9.44,56.88,1.41,Arable land
-7.475,57.585,6.42,7.53,40.13,0.99,Arable land
-6.395,58.215,7.09,27.79,62.1,1.89,Peatland
-5.045,50.735,6.96,18.2,71.08,2.63,Grassland
-0.775,53.605,7.47,12.14,85.28,4.4,Woodland
-4.915,55.265,6.22,10.12,81.93,2.34,Arable land
-1.145,53.815,6.9,45.66,9.33,3.04,Heathland
1.635,50.795,6.44,48.45,39.29,2.45,Heathland
-3.895,52.745,7.0,24.47,16.42,1.95,Peatland
-2.385,53.775,6.75,36.75,46.13,2.7,Heathland
-2.535,56.545,6.22,2.51,45.43,3.85,Woodland
-2.465,58.095,6.65,30.13,24.33,1.57,Heathland
-6.065,58.795,7.09,18.35,61.9,2.78,Woodland
1.065,50.475,6.81,34.42,61.09,1.25,Peatland
-4.715,57.125,7.25,28.36,53.09,2.62,Woodland
-5.065,53.365,6.01,26.24,72.62,2.81,Arable land
-4.505,58.075,7.31,0.0,64.73,1.54,Grassland
-3.925,50.395,6.87,35.51,62.64,3.0,Woodland
-2.195,50.515,5.43,35.27,66.15,1.91,Arable land
-4.375,53.575,6.03,14.95,41.87,2.12,Arable land
-6.605,49.665,7.98,34.63,28.07,0.53,Peatland
-3.215,53.085,7.79,0.8,93.39,1.42,Grassland
-4.455,54.725,5.98,21.7,73.84,3.62,Woodland
-5.005,51.345,6.69,28.96,18.72,2.79,Heathland
-4.885,51.715,6.62,38.57,31.27,1.56,Heathland
-3.855,52.335,8.02,0.0,72.39,2.01,Grassland
-5.285,54.715,7.22,37.02,40.3,3.05,Heathland
-4.895,52.105,6.44,26.69,59.72,0.76,Arable land
-3.385,54.525,6.06,7.92,54.92,2.92,Woodland
-3.925,53.555,6.09,15.88,85.09,2.73,Arable land
-3.285,53.195,5.64,0.97,45.39,2.59,Arable land
-2.425,54.265,6.83,29.58,38.03,3.57,Woodland
-2.775,55.945,7.06,21.46,72.01,1.17,Grassland
-2.565,55.495,5.59,27.54,74.0,1.89,Arable land
-3.535,59.115,6.86,12.98,77.74,1.81,Grassland
-1.835,55.725,7.07,16.05,80.06,2.83,Grassland
-4.215,50.815,8.5,9.95,57.74,1.37,Grassland
-0.315,53.875,7.0,23.04,73.61,1.83,Grassland
-6.145,57.205,6.61,21.88,82.78,1.77,Arable land
-5.035,56.805,5.79,38.2,32.15,2.23,Heathland
-7.175,57.805,6.05,35.34,62.58,1.17,Arable land
-0.505,50.595,5.77,1.97,83.26,1.21,Arable land
-3.495,52.545,7.19,28.77,55.22,0.64,Peatland
-4.855,55.625,6.76,17.28,43.7,2.82,Woodland
-0.885,59.615,6.52,14.72,50.18,3.65,Woodland
-1.775,55.885,6.73,1.94,39.03,2.33,Arable land
-5.775,55.125,7.28,8.23,71.48,1.88,Grassland
-3.455,54.885,6.9,29.96,52.97,1.29,Peatland
-2.285,51.055,7.22,41.63,57.99,0.86,Peatland
-1.405,57.815,6.3,20.46,52.23,3.16,Woodland
-5.725,50.025,7.5,21.43,19.92,0.51,Peatland
-4.455,51.465,7.85,56.78,46.03,0.51,Peatland
1.505,53.355,5.89,26.53,50.66,4.41,Woodland
-4.575,52.555,7.07,16.82,79.48,2.47,Grassland
1.825,52.925,7.44,33.05,44.08,3.34,Woodland
-6.385,58.545,7.51,23.76,45.99,1.8,Peatland
-1.645,54.685,6.51,35.37,49.03,2.23,Heathland
-0.415,53.085,6.13,28.28,6.27,1.93,Heathland
-2.675,50.615,7.04,21.37,50.92,2.11,Peatland
-5.525,50.445,7.71,44.13,54.1,2.77,Peatland
-3.635,51.565,7.91,36.0,32.96,1.49,Peatland
0.365,53.585,5.88,38.03,25.28,2.34,Heathland
-0.775,54.655,6.25,17.23,20.13,1.82,Heathland
-3.665,57.935,6.51,30.96,64.64,1.98,Arable land
-1.235,59.825,6.29,45.87,19.61,3.51,Heathland
-0.985,53.445,7.37,24.28,60.98,3.75,Woodland
-5.625,57.875,6.72,35.48,60.19,2.96,Woodland
-4.615,54.655,7.03,33.13,10.84,1.76,Heathland
0.275,52.935,6.97,14.03,26.12,2.18,Peatland
-2.095,56.065,6.76,16.73,22.52,2.98,Woodland
-6.145,58.435,6.08,10.48,93.33,1.14,Arable land
-6.625,57.015,5.76,45.6,20.29,1.69,Heathland
-5.325,57.485,7.19,5.97,43.47,0.71,Grassland
-7.215,57.535,6.6,26.46,33.03,2.36,Heathland
-6.495,49.725,8.18,28.08,55.65,2.61,Grassland
-0.115,52.685,5.85,15.06,47.59,2.56,Arable land
-5.425,51.325,7.69,1.65,65.52,2.32,Grassland
-5.555,55.845,6.54,5.0,44.18,2.02,Arable land
-2.945,59.325,7.02,45.43,41.24,0.94,Peatland
-6.075,58.475,6.42,17.27,62.72,2.03,Arable land
0.065,53.755,5.63,22.73,65.46,0.54,Arable land
-5.575,55.145,6.12,13.47,56.16,2.97,Woodland
-3.985,51.045,7.35,26.71,56.12,0.78,Peatland
-6.705,55.815,5.75,18.3,4.5,4.02,Woodland
0.365,54.235,6.25,30.17,29.66,2.43,Heathland
0.485,52.155,6.2,14.02,68.34,2.93,Woodland
-6.125,56.085,5.97,10.11,56.12,0.51,Arable land
-6.435,56.035,7.55,16.25,51.16,1.52,Grassland
-4.085,49.815,8.43,2.49,49.58,0.72,Grassland
-6.485,55.725,6.13,12.6,85.85,3.94,Woodland
-0.505,50.665,7.22,13.88,50.53,1.84,Grassland
-5.735,51.425,7.37,1.25,25.99,2.9,Woodland
-4.315,50.345,7.57,54.24,23.47,1.03,Peatland
1.115,50.955,7.6,45.05,47.47,1.93,Peatland
-1.475,59.975,6.81,0.0,46.68,2.25,Arable land
-2.735,58.625,8.4,3.06,67.78,1.97,Grassland
-3.125,57.455,5.82,32.78,19.97,2.67,Heathland
-2.625,50.895,7.95,20.08,23.11,0.53,Peatland
0.865,52.415,6.77,12.49,42.11,3.38,Woodland
-6.845,58.665,6.56,19.88,64.0,0.55,Arable land
-2.245,51.435,7.01,47.84,41.04,1.69,Heathland
-4.535,54.545,7.01,3.91,80.7,2.15,Grassland
-3.975,50.895,8.05,11.82,69.07,2.15,Grassland
-3.035,58.295,6.39,47.12,24.37,2.22,Heathland
-4.895,58.755,6.96,39.71,50.87,1.42,Peatland
-7.535,58.115,7.33,6.44,71.9,2.52,Grassland
-3.665,51.475,7.56,29.61,13.63,2.42,Peatland
-2.455,57.605,6.01,27.24,32.81,2.2,Heathland
1.705,51.615,7.78,15.63,82.87,0.52,Grassland
-3.985,55.025,7.02,3.7,50.62,3.48,Woodland
-3.305,57.725,6.66,36.29,69.83,1.87,Arable land
-2.045,59.775,6.57,9.63,68.36,2.16,Arable land
-3.295,56.775,6.6,24.0,43.14,4.01,Woodland
-3.845,51.195,7.1,17.51,74.37,1.77,Grassland
-7.405,58.095,6.25,23.4,44.73,2.44,Arable land
-3.365,56.505,5.85,4.94,63.35,3.77,Woodland
-4.715,49.805,7.17,12.08,60.65,2.37,Grassland
-5.675,51.705,5.88,19.98,79.02,1.6,Arable land
-6.185,55.045,6.28,17.47,27.02,1.26,Arable land
-5.085,50.825,7.01,21.76,72.08,2.05,Grassland
0.675,52.655,5.85,0.0,24.82,2.99,Woodland
-2.505,57.265,6.34,13.0,75.75,3.19,Woodland
-6.285,57.995,7.77,21.62,16.46,2.87,Peatland
-0.965,54.025,5.45,19.03,83.06,0.5,Arable land
-3.075,50.255,6.94,24.59,80.38,0.82,Arable land
-2.265,56.085,5.99,10.36,18.98,3.64,Woodland
-4.625,57.535,7.87,0.0,82.51,2.48,Grassland
-3.525,57.635,6.06,22.67,48.46,2.41,Arable land
-1.645,55.575,5.89,27.87,53.67,1.38,Arable land
-1.355,55.285,6.56,22.47,63.41,2.36,Arable land
-2.085,56.945,6.93,36.82,35.16,0.75,Peatland
-3.475,49.815,7.42,19.4,55.6,1.39,Grassland
-0.575,54.755,5.4,14.17,89.62,1.98,Arable land
-4.605,53.575,6.49,4.63,55.73,1.42,Arable land
-6.135,49.685,8.19,28.4,3.17,0.53,Peatland
-3.205,50.945,7.59,23.18,46.18,1.83,Peatland
-2.015,59.735,6.91,26.91,43.63,0.5,Peatland
-5.735,55.345,6.94,19.27,54.16,2.38,Woodland
-4.785,51.335,7.51,13.81,75.75,1.26,Grassland
0.795,51.925,5.97,27.7,35.5,2.34,Heathland
-5.195,56.785,5.83,16.87,57.16,1.17,Arable land
-3.255,51.215,7.07,16.24,5.85,1.64,Peatland
-0.035,52.655,7.27,1.14,87.28,2.98,Grassland
-5.215,57.465,6.64,45.65,32.92,2.95,Heathland
-1.095,51.055,8.36,11.42,81.85,1.35,Grassland
-5.595,51.795,6.86,33.07,62.82,1.59,Peatland
1.745,51.585,8.07,0.0,71.18,3.72,Grassland
-4.815,50.625,6.63,6.33,36.74,1.93,Arable land
-5.665,51.865,7.1,58.0,23.04,1.94,Heathland
-7.145,57.315,7.52,10.75,78.07,1.55,Grassland
-5.855,58.755,8.04,20.12,53.92,1.52,Grassland
-3.695,49.925,6.87,30.71,72.48,1.58,Arable land
-5.735,51.435,7.55,24.56,47.72,1.61,Peatland
-2.915,51.245,6.02,24.99,69.19,4.08,Woodland
-6.215,55.815,7.09,11.51,71.09,1.08,Grassland
0.375,52.885,8.5,20.94,72.43,1.25,Grassland
-4.785,57.375,8.29,34.52,45.63,0.5,Peatland
-5.315,50.765,7.74,32.96,26.7,0.8,Peatland
-6.115,58.895,6.17,32.12,68.48,1.1,Arable land
0.225,54.095,6.77,4.09,29.92,1.98,Arable land
-2.295,50.225,6.82,13.89,64.98,1.59,Arable land
-0.795,54.965,5.74,55.99,41.2,3.23,Heathland
0.545,51.655,7.78,16.41,60.54,1.26,Grassland
-5.305,50.075,5.59,25.62,60.79,0.5,Arable land
-4.935,49.885,7.66,31.41,18.68,1.77,Peatland
-3.655,55.935,6.94,2.22,47.26,1.58,Arable land
-2.225,59.715,7.35,23.22,81.74,1.81,Grassland
-1.585,57.845,7.21,11.61,73.52,3.02,Grassland
-2.415,52.245,5.51,31.24,57.22,2.43,Arable land
-2.805,50.155,6.24,35.0,60.47,0.77,Arable land
-4.615,58.595,6.97,27.65,59.54,1.47,Peatland
-6.825,58.675,6.39,36.72,31.85,2.92,Heathland
-3.885,52.775,7.08,19.7,38.81,1.88,Peatland
-0.965,53.985,6.17,17.39,44.69,2.3,Arable land
-3.005,53.715,6.28,25.0,48.52,0.89,Arable land
1.705,50.905,7.21,30.88,37.9,2.15,Peatland
-4.545,51.515,7.14,23.35,67.64,3.56,Woodland
-4.895,57.135,6.85,10.95,90.03,4.26,Woodland
-4.975,54.775,6.6,0.0,83.14,1.32,Arable land
-1.735,56.095,6.47,39.99,34.19,2.99,Heathland
1.115,52.345,6.83,0.0,43.6,3.62,Woodland
-6.995,55.605,6.15,16.85,35.57,2.44,Arable land
-0.255,53.295,6.49,21.65,72.93,2.46,Arable land
-2.535,50.675,7.68,24.64,52.27,1.26,Peatland
-5.145,55.155,6.26,36.14,19.91,2.18,Heathland
-2.685,50.925,7.46,0.0,64.77,1.46,Grassland
-3.185,57.655,5.91,28.73,18.39,2.39,Heathland
-0.985,53.925,5.41,3.5,91.43,2.17,Arable land
-5.095,53.465,7.28,9.06,7.2,3.76,Woodland
-3.975,55.665,6.3,36.36,63.35,2.6,Heathland
-1.405,59.545,7.1,30.54,47.23,1.57,Peatland
-1.555,52.455,6.01,28.61,13.69,1.16,Heathland
-1.555,53.405,7.06,7.05,84.4,2.17,Grassland
-2.465,52.765,6.33,18.69,65.05,1.33,Arable land
-2.765,52.635,7.56,27.99,40.68,3.44,Woodland
-0.545,52.985,6.68,15.31,48.43,2.75,Woodland
-0.765,53.045,7.23,10.36,28.82,2.52,Woodland
-2.125,52.765,7.13,2.46,75.16,0.9,Grassland
-1.705,52.655,5.87,22.22,57.53,2.03,Arable land
-2.295,52.485,6.18,4.26,29.27,3.11,Woodland
-1.475,52.395,6.06,18.24,79.43,2.17,Arable land
-0.875,52.655,6.77,55.79,14.03,1.17,Heathland
-2.235,53.215,7.16,23.22,21.75,0.68,Peatland
-0.505,52.855,7.51,31.56,40.09,0.5,Peatland
-1.545,52.925,7.45,39.98,20.43,3.95,Heathland
-1.015,53.055,6.25,16.68,0.81,3.05,Heathland
-2.765,52.835,7.01,27.89,30.24,1.83,Peatland
-1.425,52.715,6.43,62.57,21.32,2.03,Heathland
-2.435,53.165,7.25,5.3,75.44,1.94,Grassland
-1.665,53.255,6.68,3.51,33.91,1.48,Arable land
-1.665,53.565,6.22,12.39,47.59,0.91,Arable land
-1.325,52.965,7.56,23.31,46.58,2.9,Woodland
-1.905,52.455,6.7,11.67,23.53,2.34,Woodland
-1.195,53.445,6.41,23.69,53.97,2.49,Arable land
-2.285,52.675,7.09,32.27,48.85,2.84,Woodland
-0.785,52.865,6.84,13.33,78.02,1.52,Grassland
-0.295,52.435,6.05,29.91,38.04,0.54,Arable land
-2.145,52.355,7.39,25.39,59.79,1.72,Peatland
-1.385,53.285,6.41,39.16,10.56,1.33,Heathland
-0.445,52.375,6.61,25.91,25.01,1.82,Heathland
-2.515,53.425,6.49,30.4,26.08,3.3,Heathland
-2.325,52.625,6.35,13.92,18.18,1.7,Arable land
-0.745,52.355,6.4,22.89,58.51,1.15,Arable land
-1.855,53.005,8.15,22.3,66.15,3.25,Grassland
-2.025,53.085,6.66,25.9,21.05,2.09,Heathland
-2.805,52.345,6.52,16.77,26.28,2.06,Arable land
-2.295,53.615,7.57,19.02,55.44,0.96,Peatland
-2.335,52.925,6.92,12.75,67.62,2.83,Woodland
-2.305,52.425,5.71,18.14,72.79,2.3,Arable land
-1.515,52.575,7.15,0.0,71.31,1.85,Grassland
-1.835,52.345,6.04,35.73,66.58,2.1,Arable land
-1.475,52.915,6.85,33.72,32.98,1.76,Peatland
-1.555,52.605,6.83,25.66,53.92,2.28,Arable land
-1.095,52.825,6.87,5.25,74.74,2.68,Grassland
-1.375,52.545,6.34,5.14,76.63,1.36,Arable land
-2.485,53.025,8.4,11.64,65.24,2.31,Grassland
-1.175,52.915,6.7,25.3,37.67,3.66,Woodland
-1.245,52.555,7.59,7.28,63.25,1.09,Grassland
-0.685,53.035,8.0,2.72,75.37,2.26,Grassland
-2.255,52.615,7.49,14.81,51.84,0.9,Grassland
-2.435,53.585,7.11,28.79,44.46,2.39,Peatland
-2.705,52.565,6.63,9.56,56.59,1.11,Arable land
-0.555,52.315,5.8,54.56,42.95,2.64,Heathland
-0.995,52.415,6.93,33.2,11.83,2.99,Heathland
-1.315,52.515,6.22,16.25,44.32,1.96,Arable land
-2.505,53.325,7.13,32.11,65.5,0.77,Peatland
-2.865,52.445,6.66,31.89,50.53,2.36,Heathland
-2.245,53.345,7.79,10.56,90.28,1.7,Grassland
-2.085,52.785,7.11,44.19,27.76,0.89,Peatland
-1.235,53.275,7.3,17.98,60.05,1.69,Grassland
-1.885,53.345,6.42,5.14,70.57,2.58,Arable land
-1.195,53.555,6.55,20.62,12.07,2.68,Heathland
-1.625,53.345,6.15,29.26,14.88,1.5,Heathland
-1.925,52.735,6.53,9.87,58.07,2.35,Arable land
-2.005,52.345,8.04,10.06,73.57,0.5,Grassland
